ADDRESS,TX_COUNT
0x9c597b64c76ecfaf793ef92d9ee62cf9d436d4ce,138
0x7c0b17f090b817fb056232bdce86c18c4a57f8cf,133
0x38fcb8b86ed46210706e7c71438c09a53ef19fca,57
0x99fe77963c79dbc6d1a6f48a5c29df5d5d8da435,36
0x7de951c9c561d8a724b1719b93750a14b4858486,28
0xff8e23bcaccfc51eda6dab3476eaf8bb3065cade,26
0x053dec775c648ffbf6b23572dd9bb7b01d206ee0,25
0xf28210b6770cf71fae9845f1993b0abb5c0e70c5,23
0x3d53e2f2b040b8748ae82ed3ec1cb3cc05aaffe0,22
0x7d406de3d4b2970da41414f2024ac0fc87d41ca5,17
0xda66670352c4418e6d57d817cc8d18cfe8c16c18,17
0x8f429505d4cb9865a965d1142cb651fc6e065ebd,15
0x2a632f56f9bdf7b66be80768e89631f3febeed24,12
0xed7646046603f5f661d789964ea86233dce0e297,11
0x36721cb34c08054a1ccb7199e21ef15f74105196,11
0x92e6fe03bb5d704df24b066bfd0c75f4f5b34f36,10
0xa3c77d5aff9fbecb27c75530eaa59deaf12e3c3c,10
0x51f1ea9aa6211f2c163b195ab8a35f4886bbf81a,10
0x068cfd47ae3e4a96c74b255e02939749434aafba,9
0xd0057c59a091eec3c825ff73f7065020baee3680,9
0xc93678ec2b974a7ae280341cefeb85984a29fff7,9
0xdfc6ed58141b68ab1372553fb65903ef223f4b7d,9
0x0a55b530ecdffaffcf75afe82b2a8b33a89ed16e,9
0x821f430fe427efd4b263d9955eb39df550dd3e82,9
0x3fe465902811769e3e8738cd162632e85dcbaa86,8
0x288e6cffbbd9a329f6fb40d68cf084e7f713d7f4,8
0x5d98609f4a43ed4d36dae38a58365b352109c7a6,8
0xb3302b10f9b977056ecdf19375e71278c3d37b5e,8
0x92be6536c85ec47fe57a737929bf34795f21fd19,7
0xc6eaf6d86bfd7105851487143037af2837bb8a92,7
0xb55014aea9547b23e02c428c523026101767dd0e,7
0x80ff7486598ddfdfbeaab9d9cc2503ce473f1f26,7
0x3d76bee503767bff4f6836847f50b056b05a226b,7
0x2f940453d29afb275611c9fe12086a0d168baa7e,7
0xfbe9c08c6d03c8f9a100bdf10a4e4804aebfbbef,7
0x152c422cb977783344fa557f6d26614612b9fb59,7
0xa534eeea097d3cfabbc155badaa7e09aee07e343,7
0xfd1923d4b4889cb8db55dfbbdc065d8b96c9b893,7
0x9c529af39499eec506ac31fdfa13bb299c2c2a55,6
0x1718cbbb004d7efcb7855b0da7bb9e3d4c999566,6
0xbce9a7d8be471c2e58538a200814f6089f935399,6
0x84792e0f6f7b4861ebcd75e93cf7539186a77180,6
0x7ebabcbbb3c3afc3ec944783d6306b80bb5f87fb,6
0xb120839bfb092cef28315e6c35a0797e1952d535,6
0x3dbd0e5922c3f68f796c86c566ab5ab4116064dc,6
0xcc8f6631d100f599b5179a0ce8d2f85347773a9d,5
0x88d47fbb374d979d2c0f1c0ffdb90e1320fdc2f5,5
0x8b624376e3fc129348a8f00005a69d868a67f124,5
0x02bdc2baba94d69a48907a3cb9b703824f9f7764,5
0x5c8d0200761cfee5cf277cf814770d882ae9fa13,5
0xf86e8671cc14f5c38f1344fa00aa4729c1a7fb6f,5
0xc01f6c8fc8852840b80c189a71dc60e50c9223dc,5
0x317793f94725d590b2dcd28be0bf1a185ae6112b,4
0x0ce80f5f413d2994416ebfe448a272af5441931a,4
0x69be4b80090d3e642d1d3b30ba40c790369c0509,4
0xa1d80730e04fd7da39ee755424d51269ddbc082f,4
0x48bbd2fa9a966605a56f54aae950363fc7725747,4
0x31426feb31a80bdf5ebf7150ddb1e437a3d2346f,4
0x117a895eb250d8a2c53c9b2fc323d687a8777088,4
0x8d993092c3b881b3768d1819c8380044cebc750f,4
0xf256c4c027ce81cd471200a862f11124010e0d1d,4
0xb9c4f976ff08d975c7fc351e0e3737ad3d05f9b6,4
0x0a430adbc11f1582581fb323019c5971fc303e4c,3
0xbdf6c2329e64be54fb1459bae649b777178d5f27,3
0xe76183d03fcad988f74a2645c122b06b467f6649,3
0xbe1299e1637ae06b1964d25fd6a7932974d19138,3
0xf03f0a004ab150bf46d8e2df10b7ebd89ed39f0e,3
0xe8df3b34f6aa7f96d79ef5d0d9d040ee3146cace,3
0xadafcc089dbd94a088665db8ab5913da2676dd62,3
0x3f87f66041876a74fe0b81b86529627217fa1d45,3
0x6b08267f552a89f03a75a355f3bf8ce3acfe47f9,3
0xd58d8bd42bcd464ca1a739396360cf89e05e0cae,3
0x74a56bbbb36105b0e447fe42eea2c57497f01486,3
0xec8ac5169dd19290c2050f32fb823264d9ce59fb,3
0x5730bcb5fa12381f054e50f3e03871b9bea56c8f,3
0x88d0ad50e387ee24e25b65f7b0baadd7b5d47120,3
0x812d7fbab15ada04a69ef77221225b83d32d310c,3
0xd0ceca57504cab4b057f6c9635801d408d52ad58,3
0x9d63552012d073bebc4cf8ea0630a12061154bfc,3
0x162073d3bd1d3bce47e85ee5b9904887d1ba6e77,3
0x39b0f4062e0fdc5f95ae448118eba1bc35d74c81,3
0xbaba775a0400a5e442335ceaa4820edb1ded8f73,3
0x96289e0c5e166343915352377e13e94f46815ae1,3
0xeb6441cacc327bfab251827083e585e6c19d6c8e,2
0xc89b061b18fa3d37470a017d3d3bc12ecf42f4b1,2
0x4b1d33991e66025a2dafbf5060c0a11efa2f931c,2
0xad6b1d5c06a9c65270831cb187eb630ba9d936cf,2
0x77039399801f462b4ed13444a266b16355c471bf,2
0x8143aad694567424162a949c1580c91d03437858,2
0x93b6a8602a374a89a392bc0cd659f05cd7056d2b,2
0x7f15ef212baab2cb12e014dbf790f36e0bef8115,2
0x75821898ad35392425896085089629611391d2bf,2
0x84c522e92bd2b4cf16d6768255b5e35e1a6cf0ee,2
0x02736d5c8dcea65539993d143a3de90cebca9c3c,2
0x0bba673d74c6933f94199172c04457b334836e1d,2
0xe3b6ed26fe37f4bdb8a116468927caeef7ece188,2
0x3f11f788910b11a130972e6c1b6153d02a604ed9,2
0xd53f450865fc6ea2d9bf38231aac358eeb137c84,2
0x0f00d37ee81f6f7b70d36efea73a59c1e3f977a5,2
0x4da73f16ea68796cf8cd5dd26f90b090280f4517,2
0xc34ae1a39662415a4720d4a3e7c2be0e202568c2,2
0xc22b9b6eb1892273de04b90b1d44b5a637d37ddd,2
0xefc278ec4339de52e4b29fa35d41821f240bbe27,2
0x0381197f09eda71f1c1af1ccf23c3fadba46d864,2
0x42814cfb08b3a1f9fedd618d35e4e2a156b4488b,1
0x59b2b5494555844640a6b2000cf88208842b0091,1
0x000008e5d5eb20ca8de1bb4a26ac69b1b100a522,1
0x48aedbb109d1db18f3ee80dc4915122c689328e2,1
0xd06acbe86bb06c731e4892d14243450c7c3bdd97,1
0xd67516c09c4fcb8289806a7f1602508a0d435df8,1
0x63de5f2f83f9fbe882989a9a5301f5f719dab84a,1
0x7343847fad3912bb7081d477b2e15c8f8c69f28a,1
0x2c7726a1acb9b32eebe9c815cf4c3f5de144c6d6,1
0xa050db47160cd522d8c72066ee9c162cb4d49cac,1
0xf45699840e445eddd726ee0f939f837ba745b04a,1
0x0cf485f4c6b2a6087b4d5d4a590cae8d22d7fa9a,1
0xf33b9684b37542cfe043e4ca9f1b3abece177976,1
0xcc644d698bfb85ea1bfacd285a3cf23d4d321389,1
0x5722387e2950a8e8b8674d8c5de18d60bbb59f63,1
0xcd24b0e3819953c86c4d77c2c5d7a207cefc0f98,1
0xe9d83837877bdf126ae99a329f612adb4d70d982,1
0x2dca460ee3242e93d6b2fd26b01702035e5d4b89,1
0xceab0087c5fbc22fb19293bd0be5fa9b23789da9,1
0x09c8dd41d9f186206f2b0cb0ec8581fd6f32a81d,1
0xb40400aa82d10824f703bba1389ce3e53aa1e183,1
0x24381906d1c2a461620902fd0c0370cf296083bc,1
0xbe786d03f146f85dc51231a51e69cd7cfd9ffced,1
0x080b552ce314fe6913947cfca6e12d1110348b78,1
0xe4bb0675e1d4196094260310f98f6d7c1e138b84,1
0x956d494740cd1368697c3e040cc193cf3d2fb74c,1
0x644bf2c24623e5c14ec611183a8124e348667d8c,1
0xbf57c94bdd49e10356f7a4f3afac8e675425a161,1
0xcaaa0b07f6854353f21f8a2b9400742a5634ff2b,1
0xe9bec796bb6b91d532a98f2fbbc7905dd6ca9f6c,1
0xe0767d2b47ec6a28e97afbf3a626cdfb226065c1,1
0xcda966be044682d3933c9a66fdb940624b41a769,1
0xadcfbc9c898ec737dda5bf6e580301d0afe37939,1
0x8c57d1fab10d4b78f49ef5c6abaeb76a63710f61,1
0x46c121c09194c453e745bbd32489104e1ca123e0,1
0xc3483c41f0f4e16e943587e183908580b641f52d,1
0x6fd8e8858866effbe0cc710bfbce753901dfd50b,1
0x47f541906cf45dbedbaaba79bc4604da694f4207,1
0x9b7b71dd9705fe43a8763a6f868976689c3785ae,1
0x035bc3ef4183271e5c6c6a97e3378ac77ea974bb,1
0x463470955c61a54210b5ddcc20847cc325a2ff38,1
0xda28cecb0df5837bf2aacc609aa1f8e6800ba034,1
0xdc0e734ae36f960445b5f38e4ae14133eb47cc7d,1
0x6fb86d2e833fb71f6960b7520889b83f9e8a4230,1
0x1b5a051911190272375e31fbe34e3dcece979596,1
0x504070a1a47f5bd94dd78b879e0d753e7e92bcd2,1
0x8683a57ae94ea5de8e215754a07edfd9b86e45fe,1
0x36ac6a7da3f96b54816e02b17dffbdab6cee9a15,1
0x651817b6b7464b61c6c6ef87da2bc84ee0e64377,1
0xa83f42fc11ff85682db23294b75931986fb1be0d,1
0x6f51aad00c3714516641a9f1b5686cbb0243740f,1
0x925eafea2cc8eb6f747624f745db3ef0bf5a425f,1
0x64d6c373d46ca5b9fed14710e64f8fa04b4720b5,1
0x7aaef447c7e724ab17cad5d626a7721289ba5cc3,1
0xd99476c509706c1ea814f6d6a7c3050ced14c9be,1
0x7e21749ab7fc3bc1a77fa5814cdfb651ca9e241c,1
0xd3f0840248b6dc7f69982e6ba12ed91e8fca2d89,1
0x226b419725ad7b42e3f3c5f98350ad821c47331f,1
0x3e68603021361dbbc6e62ee3888036dc14715225,1
0x9eea96febb51b995d44bf623424b0cb54a3f1805,1
0x9579c5b372aac3981b63ec9699bd795a42306a75,1
0xd3ae0acaca391a6aedd3735d9ea93279fa3dbff1,1
0x67cb72ea5cd35d8847abf4126658bc54af684786,1
0x8959f0aa16046a1ae69d69f04f05aeff7a82e268,1
0x9b6290b56e0075f584a0be4245c0a21c4e28550c,1
0x16224baa0f79b891073b783d5645a6db31174fc9,1
0x08f236c3050e73f25f7fb828e2311eacb7af8f5b,1
0x4f7041e0264ebb6b51ea22e66de7ddebdacdcf08,1
0x0f54730b7f3678b78ee325c86215d4cce449a211,1
0x7ada3cd534df8dc4121c770555b56ca8e528619e,1
0xe6fc7f4aee4e213da4203d2d5e18210443c086eb,1
0x57370e0f6e45df5c4cc26db439ca7594125d4d29,1
0x525b8ecd160b60a2a08c4880dfa2a4a3858c0b41,1
0x15dfc76f80ac2c8d5451e2a43945cd7283567079,1
0x207ca5df9f1fdaff263cf15fffade81d6a4e90e9,1
0x878a17144ec49f9efc1e83903778c9c86e61abde,1
0x9e276731fed9c13ca9b3ba08105c75b11553f105,1
0x3012238be3df637a39313d33ad8c58961d89ae7e,1
0x7d728247dc6e2b23e6b2189f87f341fe346f1487,1
0xf14bafc1f932eed833d9b11fbd6e40da8f104308,1
0xfca865aa00d124e7a4e001b2c2c79f8689fa24e7,1
0xe3e318edc67f1f1f418182f6dbf758ef754417fc,1
0x6f7c4b3673095e504201d5ba8bae6ac3acc7bc52,1
0x4c25da99cab271fba804380f4a6d44f24753b2ad,1
0x65ba4f92d7dfa813ddbd849d9faf38a723dd9b12,1
0xcae4a2741bc14525c23dd01688461cb6d3906895,1
0xb9b031325c39c2209faf51bea23899c231fbf25e,1
0xa530f7739413e787c205233658185edc1e68c25e,1
0xa67952c04135b371a79d107e46b735799e27931e,1
0xd3fb551a69311f6fb8229688057a0eeb56f38ed7,1
0x2f66b3b4dae6db4439cb1d8734f6270441e02427,1
0x91e310d8878d33df2d894f8278207b766a5e6270,1
0x42a346ee3b1e151b6fdb23a17da56c4bae2e652e,1
0x7d0051dd1b619fb0ddf77d61bd7131c5be5cda08,1
0x9fb08748c3858ca6a39357d6d70d1eeb9586026e,1
0xa67517c742b1d124a5782bd5bf2f2bb0ea92520f,1
0xdffb0e763dd509f9b242991f21ee839438a22172,1
0xd41fcbb0e58cbeae68b151e07bd8f991afc5e1af,1
0xa1b0b899f843ec4caee771ed7c15fac333f28d7c,1
0xe362510a71a42c9e61a7156cd2ebd4c87bc933a2,1
0xe041b076d14ebb344530c4dee42d1ec921bee56f,1
0xa465ee4b2fb82fd27b06d1356d55ace9b747d67f,1
0x2d219814c132255e85032d5850bc41199f751720,1
0x135c5d3e98ca3ea9ecf39265926203dcbb5d3276,1
0xeac116c1d442334b6ace9fbd2258ff8819e058f1,1
0xa9e455dc04653dcc3f35ff3eb90a5c609bfe2ba2,1
0xeef8e596511d70c953ada11abb5ca273dee64b32,1
0x7bf1e657fdb7410c83ff70034b15947d95cbf675,1
0x6d2f47942335ac0ed5823c19ac9bffd88383be17,1
0xc3005f1850c479ac4e257b97ab479701bcf8b47f,1
